X,Y,Z,Log_X,Sqrt_Y,Square_Z,Exp_X_Small
49,16,14,3.8918202981106265,4.0,196,134.28977968493552
19,19,36,2.9444389791664403,4.358898943540674,1296,6.6858944422792685
13,39,45,2.5649493574615367,6.244997998398398,2025,3.6692966676192444
30,16,19,3.4011973816621555,4.0,361,20.085536923187668
18,39,43,2.8903717578961645,6.244997998398398,1849,6.0496474644129465
